Datetime,Water Level (m)
2026-01-02 12:00:00,-1.0523664
2026-01-02 13:00:00,-1.0033704
2026-01-02 14:00:00,-0.48077247
2026-01-02 15:00:00,0.034385484
2026-01-02 16:00:00,0.46587068
2026-01-02 17:00:00,0.7786267
2026-01-02 18:00:00,0.88806313
2026-01-02 19:00:00,0.74965805
2026-01-02 20:00:00,0.3649236
2026-01-02 21:00:00,-0.06526786
2026-01-02 22:00:00,-0.36416143
2026-01-02 23:00:00,-0.5713225
2026-01-03 00:00:00,-0.73423326
2026-01-03 01:00:00,-0.8725339
2026-01-03 02:00:00,-0.9197685
2026-01-03 03:00:00,-0.46824616
2026-01-03 04:00:00,0.026810376
2026-01-03 05:00:00,0.33515412
2026-01-03 06:00:00,0.48996642
2026-01-03 07:00:00,0.37180716
2026-01-03 08:00:00,0.0070423633
2026-01-03 09:00:00,-0.38971615
2026-01-03 10:00:00,-0.641588
2026-01-03 11:00:00,-0.8136816
2026-01-03 12:00:00,-0.9512779
2026-01-03 13:00:00,-1.061814
2026-01-03 14:00:00,-1.0629396
2026-01-03 15:00:00,-0.45770273
2026-01-03 16:00:00,0.11490561
2026-01-03 17:00:00,0.57819235
2026-01-03 18:00:00,0.9030518
2026-01-03 19:00:00,0.9431014
2026-01-03 20:00:00,0.69047683
2026-01-03 21:00:00,0.21588244
2026-01-03 22:00:00,-0.18792726
2026-01-03 23:00:00,-0.4415095
2026-01-04 00:00:00,-0.6304613
2026-01-04 01:00:00,-0.7880701
2026-01-04 02:00:00,-0.9249799
2026-01-04 03:00:00,-0.95148426
2026-01-04 04:00:00,-0.42661947
2026-01-04 05:00:00,0.07076106
2026-01-04 06:00:00,0.39119312
2026-01-04 07:00:00,0.5252377
2026-01-04 08:00:00,0.34369418
2026-01-04 09:00:00,-0.07172428
2026-01-04 10:00:00,-0.4564719
2026-01-04 11:00:00,-0.6893231
2026-01-04 12:00:00,-0.8504097
2026-01-04 13:00:00,-0.9863827
2026-01-04 14:00:00,-1.080968
2026-01-04 15:00:00,-1.0036606
2026-01-04 16:00:00,-0.3413456
2026-01-04 17:00:00,0.20888366
2026-01-04 18:00:00,0.6512442
2026-01-04 19:00:00,0.9182356
2026-01-04 20:00:00,0.86809045
2026-01-04 21:00:00,0.5231176
2026-01-04 22:00:00,0.036113176
2026-01-04 23:00:00,-0.31600168
2026-01-05 00:00:00,-0.5418986
2026-01-05 01:00:00,-0.71763283
2026-01-05 02:00:00,-0.86681783
2026-01-05 03:00:00,-0.98463696
2026-01-05 04:00:00,-0.9130782
2026-01-05 05:00:00,-0.29287857
2026-01-05 06:00:00,0.15661083
2026-01-05 07:00:00,0.43428627
2026-01-05 08:00:00,0.49362347
2026-01-05 09:00:00,0.25296763
2026-01-05 10:00:00,-0.16938698
2026-01-05 11:00:00,-0.49910894
2026-01-05 12:00:00,-0.7098497
2026-01-05 13:00:00,-0.86344934
2026-01-05 14:00:00,-0.99462146
2026-01-05 15:00:00,-1.0795453
2026-01-05 16:00:00,-0.8706665
2026-01-05 17:00:00,-0.18301682
2026-01-05 18:00:00,0.33745742
2026-01-05 19:00:00,0.7287557
2026-01-05 20:00:00,0.88853484
2026-01-05 21:00:00,0.736967
2026-01-05 22:00:00,0.3236054
2026-01-05 23:00:00,-0.1291547
2026-01-06 00:00:00,-0.42624784
2026-01-06 01:00:00,-0.6316557
2026-01-06 02:00:00,-0.79332834
2026-01-06 03:00:00,-0.9335587
2026-01-06 04:00:00,-1.0257554
2026-01-06 05:00:00,-0.768158
2026-01-06 06:00:00,-0.15002379
2026-01-06 07:00:00,0.26082972
2026-01-06 08:00:00,0.48259532
2026-01-06 09:00:00,0.45834982
2026-01-06 10:00:00,0.16189073
2026-01-06 11:00:00,-0.2645853
2026-01-06 12:00:00,-0.5474515
2026-01-06 13:00:00,-0.738381
2026-01-06 14:00:00,-0.87966126
2026-01-06 15:00:00,-0.99490005
2026-01-06 16:00:00,-1.0375661
2026-01-06 17:00:00,-0.61027884
2026-01-06 18:00:00,-0.0037823543
2026-01-06 19:00:00,0.4373245
2026-01-06 20:00:00,0.7456324
2026-01-06 21:00:00,0.77211124
2026-01-06 22:00:00,0.5231941
2026-01-06 23:00:00,0.06893859
2026-01-07 00:00:00,-0.31350386
2026-01-07 01:00:00,-0.5562965
2026-01-07 02:00:00,-0.73403496
2026-01-07 03:00:00,-0.8776081
2026-01-07 04:00:00,-0.9988944
2026-01-07 05:00:00,-1.0141501
2026-01-07 06:00:00,-0.5089126
2026-01-07 07:00:00,-0.011953661
2026-01-07 08:00:00,0.3112413
2026-01-07 09:00:00,0.46730685
2026-01-07 10:00:00,0.3599
2026-01-07 11:00:00,0.03761481
2026-01-07 12:00:00,-0.34215698
2026-01-07 13:00:00,-0.5849868
2026-01-07 14:00:00,-0.75198287
2026-01-07 15:00:00,-0.87850565
2026-01-07 16:00:00,-0.97118926
2026-01-07 17:00:00,-0.92416465
2026-01-07 18:00:00,-0.34029663
2026-01-07 19:00:00,0.15224755
2026-01-07 20:00:00,0.49462593
2026-01-07 21:00:00,0.6733155
2026-01-07 22:00:00,0.58071357
2026-01-07 23:00:00,0.24921678
2026-01-08 00:00:00,-0.17272305
2026-01-08 01:00:00,-0.46386027
2026-01-08 02:00:00,-0.6612199
2026-01-08 03:00:00,-0.8122825
2026-01-08 04:00:00,-0.93611646
2026-01-08 05:00:00,-1.0222898
2026-01-08 06:00:00,-0.8657407
2026-01-08 07:00:00,-0.30269042
2026-01-08 08:00:00,0.093007
2026-01-08 09:00:00,0.33263135
2026-01-08 10:00:00,0.39079493
2026-01-08 11:00:00,0.22899756
2026-01-08 12:00:00,-0.09605334
